name,compiler,type,threads,input,mpxbtnum,fail,total,mpxerrors,ok,notpossible,some
ripe,gcc,native,1,ripe,,786,3840,,64,2990,0
ripe,icc,native,1,ripe,,816,3840,,34,2990,0
ripe,clang,native,1,ripe,,812,3840,,38,2990,0
ripe,gcc,asan,1,ripe,,838,3840,,12,2990,0
ripe,gcc,asan_only_write,1,ripe,,838,3840,,12,2990,0
ripe,gcc,mpx,1,ripe,,850,3840,,0,2990,0
ripe,gcc,mpx_only_write,1,ripe,,850,3840,,0,2990,0
ripe,gcc,mpx_no_narrow_bounds,1,ripe,,836,3840,,14,2990,0
ripe,gcc,mpx_no_narrow_bounds_only_write,1,ripe,,836,3840,,14,2990,0
ripe,icc,mpx,1,ripe,,850,3840,,0,2990,0
ripe,icc,mpx_only_write,1,ripe,,850,3840,,0,2990,0
ripe,icc,mpx_no_narrow_bounds,1,ripe,,836,3840,,14,2990,0
ripe,icc,mpx_no_narrow_bounds_only_write,1,ripe,,836,3840,,14,2990,0
ripe,softbound,enabled,1,ripe,,836,3840,,14,2990,0
ripe,safecode,enabled,1,ripe,,836,3840,,14,2990,0
