name,compiler,type,threads,input,mpxerrors,time,total,minor_faults,branch_misses,cycles,branch_instructions,dtlb_stores,ok,fail,dtlb_load_misses,dtlb_store_misses,instructions,dtlb_loads,major_faults,some,mpxbtnum,notpossible
ripe,gcc,native,1,ripe,,,3840,,,,,,64,786,,,,,,0,,2990
ripe,gcc,mpx_no_narrow_bounds_only_write,1,ripe,,,3840,,,,,,14,836,,,,,,0,,2990
ripe,gcc,mpx_no_narrow_bounds,1,ripe,,,3840,,,,,,14,836,,,,,,0,,2990
ripe,gcc,mpx_only_write,1,ripe,,,3840,,,,,,14,836,,,,,,0,,2990
ripe,gcc,mpx,1,ripe,,,3840,,,,,,14,836,,,,,,0,,2990
ripe,gcc,mpx_first_field,1,ripe,,,3840,,,,,,0,850,,,,,,0,,2990
ripe,icc,native,1,ripe,,,3840,,,,,,34,816,,,,,,0,,2990
ripe,icc,mpx_no_narrow_bounds_only_write,1,ripe,,,3840,,,,,,14,836,,,,,,0,,2990
ripe,icc,mpx_no_narrow_bounds,1,ripe,,,3840,,,,,,14,836,,,,,,0,,2990
ripe,icc,mpx_only_write,1,ripe,,,3840,,,,,,0,850,,,,,,0,,2990
ripe,icc,mpx,1,ripe,,,3840,,,,,,0,850,,,,,,0,,2990
